Pollster,Start Date,End Date,Entry Date/Time (ET),Number of Observations,Population,Mode,Romney,Gingrich,Santorum,Paul,Cain,Huntsman,Perry,Undecided,Other,Pollster URL,Source URL
YouGov/Economist,2012-04-28,2012-04-30,2012-05-02 2000-01-01 15:47:38 UTC,,Likely Voters - Republican,Internet,49,17,,16,,,,7,11,http://elections.huffingtonpost.com/pollster/polls/yougov-economist-13672,http://cdn.yougov.com/cumulus_uploads/document/0p6rgsuach/econToplines.pdf
YouGov/Economist,2012-04-21,2012-04-23,2012-04-25 2000-01-01 17:33:38 UTC,,Likely Voters - Republican,Internet,57,14,,13,,,,8,9,http://elections.huffingtonpost.com/pollster/polls/yougov-economist-13625,http://cdn.yougov.com/cumulus_uploads/document/hhso6vssxx/econToplines.pdf
CBS/Times,2012-04-13,2012-04-17,2012-04-18 2000-01-01 11:10:55 UTC,268,Likely Voters - Republican,Live Phone,54,20,,12,,,,5,9,http://elections.huffingtonpost.com/pollster/polls/cbs-times-13553,http://www.cbsnews.com/8301-250_162-57416095/cbs-news-nyt-poll-4-18-12/
YouGov/Economist,2012-04-14,2012-04-16,2012-04-19 2000-01-01 13:25:23 UTC,,Likely Voters - Republican,Internet,49,20,,13,,,,8,10,http://elections.huffingtonpost.com/pollster/polls/yougov-economist-13564,http://cdn.yougov.com/cumulus_uploads/document/q7qphtiux5/econToplines.pdf
CNN,2012-04-13,2012-04-15,2012-04-16 2000-01-01 16:15:26 UTC,473,Adults - Republican,Live Phone,57,19,,18,,,,3,3,http://elections.huffingtonpost.com/pollster/polls/cnn-13536,http://i2.cdn.turner.com/cnn/2012/images/04/16/rel4a.pdf
PPP (D),2012-04-12,2012-04-15,2012-04-17 2000-01-01 16:16:52 UTC,742,Likely Voters - Republican,Automated Phone,54,24,,14,,,,9,0,http://elections.huffingtonpost.com/pollster/polls/ppp-d-13550,http://www.publicpolicypolling.com/pdf/2011/PPP_Release_National_417.pdf
FOX,2012-04-09,2012-04-11,2012-04-13 2000-01-01 12:00:57 UTC,376,Likely Voters - Republican,Live Phone,46,13,15,16,,,,8,2,http://elections.huffingtonpost.com/pollster/polls/fox-13521,http://www.foxnews.com/politics/interactive/2012/04/12/fox-news-poll-romney-edges-obama-as-approval-president-drops/
YouGov/Economist,2012-04-07,2012-04-10,2012-04-12 2000-01-01 13:31:55 UTC,,Likely Voters - Republican,Internet,36,10,18,15,,,,8,13,http://elections.huffingtonpost.com/pollster/polls/yougov-economist-13517,http://cdn.yougov.com/cumulus_uploads/document/62c5cvpx77/econToplines.pdf
Gallup,2012-04-04,2012-04-09,2012-04-10 2000-01-01 16:17:24 UTC,1000,Registered Voters - Republican,Live Phone,42,10,24,10,,,,,1,http://elections.huffingtonpost.com/pollster/polls/gallup-13489,http://www.gallup.com/poll/election.aspx
ABC/Post,2012-04-05,2012-04-08,2012-04-10 2000-01-01 11:01:56 UTC,,Registered Voters - Republican,Live Phone,44,10,25,13,,,,3,5,http://elections.huffingtonpost.com/pollster/polls/abc-post-13481,http://www.washingtonpost.com/wp-srv/politics/polls/postabcpoll_04082012.html
YouGov/Economist,2012-03-31,2012-04-03,2012-04-05 2000-01-01 09:18:45 UTC,,Likely Voters - Republican,Internet,29,12,26,14,,,,6,12,http://elections.huffingtonpost.com/pollster/polls/yougov-economist-13440,http://cdn.yougov.com/cumulus_uploads/document/tcsmuw8ni1/econToplines.pdf
Gallup,2012-03-30,2012-04-03,2012-04-04 2000-01-01 13:36:45 UTC,1000,Registered Voters - Republican,Live Phone,40,11,25,12,,,,,2,http://elections.huffingtonpost.com/pollster/polls/gallup-13429,http://www.gallup.com/poll/election.aspx
YouGov/Economist,2012-03-24,2012-03-27,2012-03-29 2000-01-01 11:03:01 UTC,,Likely Voters - Republican,Internet,31,11,31,9,,,,6,12,http://elections.huffingtonpost.com/pollster/polls/yougov-economist-13377,http://cdn.yougov.com/cumulus_uploads/document/id0byp7yy7/econToplines.pdf
CNN,2012-03-24,2012-03-25,2012-03-27 2000-01-01 16:52:47 UTC,436,Adults - Republican,Live Phone,36,15,26,17,,,,2,1,http://elections.huffingtonpost.com/pollster/polls/cnn-13349,http://i2.cdn.turner.com/cnn/2012/images/03/27/rel3c.pdf
PPP (D),2012-03-22,2012-03-25,2012-03-28 2000-01-01 16:26:56 UTC,561,Registered Voters,Automated Phone,30,19,30,13,,,,8,0,http://elections.huffingtonpost.com/pollster/polls/ppp-d-13372,http://www.publicpolicypolling.com/pdf/2011/PPP_Release_NC_020912.pdf
Gallup,2012-03-20,2012-03-24,2012-03-26 2000-01-01 12:00:07 UTC,1000,Registered Voters - Republican,Live Phone,41,13,26,8,,,,,2,http://elections.huffingtonpost.com/pollster/polls/gallup-13334,http://www.gallup.com/poll/election.aspx
Marist/McClatchy,2012-03-20,2012-03-22,2012-03-27 2000-01-01 11:22:34 UTC,377,Adults - Republican,Live Phone,39,13,31,13,,,,4,0,http://elections.huffingtonpost.com/pollster/polls/marist-mcclatchy-13344,http://www.mcclatchydc.com/2012/03/26/143149/mcclatchy-marist-poll-on-politics.html
YouGov/Economist,2012-03-17,2012-03-20,2012-03-21 2000-01-01 16:35:33 UTC,,Likely Voters - Republican,Internet,31,21,23,12,,,,3,10,http://elections.huffingtonpost.com/pollster/polls/yougov-economist-13283,http://cdn.yougov.com/cumulus_uploads/document/3nqergp46v/econToplines.pdf
Reason/Rupe,2012-03-10,2012-03-20,2012-03-26 2000-01-01 17:40:40 UTC,468,Adults - Republican,Live Phone,39,10,26,12,,,,10,2,http://elections.huffingtonpost.com/pollster/polls/reason-rupe-13340,http://reason.com/assets/db/13327241811317.pdf
PPP (D),2012-03-15,2012-03-17,2012-03-21 2000-01-01 11:01:37 UTC,734,Likely Voters - Republican,Automated Phone,34,20,31,9,,,,6,0,http://elections.huffingtonpost.com/pollster/polls/ppp-d-13269,http://www.publicpolicypolling.com/pdf/2011/PPP_Release_US_032112.pdf
Gallup,2012-03-10,2012-03-14,2012-03-15 2000-01-01 13:56:19 UTC,1000,Registered Voters - Republican,Live Phone,35,15,27,10,,,,,2,http://elections.huffingtonpost.com/pollster/polls/gallup-13218,http://www.gallup.com/poll/election.aspx
YouGov/Economist,2012-03-10,2012-03-13,2012-03-15 2000-01-01 16:42:09 UTC,,Likely Voters - Republican,Internet,28,21,24,10,,,,8,8,http://elections.huffingtonpost.com/pollster/polls/yougov-economist-13219,http://cdn.yougov.com/cumulus_uploads/document/80t59s65uu/econToplines.pdf
FOX,2012-03-10,2012-03-12,2012-03-15 2000-01-01 11:16:12 UTC,341,Likely Voters - Republican,Live Phone,38,13,32,12,,,,3,3,http://elections.huffingtonpost.com/pollster/polls/fox-13212,http://www.foxnews.com/interactive/politics/2012/03/14/fox-news-poll-romney-leads-gop-pack-but-obama-still-tops-republicans-in/
Bloomberg,2012-03-08,2012-03-11,2012-03-13 2000-01-01 14:46:15 UTC,377,Adults - Republican,Live Phone,37,13,27,11,,,,9,3,http://elections.huffingtonpost.com/pollster/polls/bloomberg-13207,http://www.bloomberg.com/news/2012-03-14/obama-romney-race-toss-up-in-poll-showing-independents-critical.html
Ipsos/Reuters,2012-03-08,2012-03-11,2012-03-14 2000-01-01 09:19:07 UTC,421,Adults - Republican,Live Phone,37,12,32,11,,,,6,6,http://elections.huffingtonpost.com/pollster/polls/ipsos-reuters-13208,http://www.ipsos-na.com/download/pr.aspx?id=11445
CBS/Times,2012-03-07,2012-03-11,2012-03-12 2000-01-01 11:43:21 UTC,301,Likely Voters - Republican,Live Phone,30,13,34,8,,,,,0,http://elections.huffingtonpost.com/pollster/polls/cbs-times-13183,http://www.cbsnews.com/8301-250_162-57395858/cbs-news-nyt-polls-3-12-12/
Pew,2012-03-07,2012-03-11,2012-03-14 2000-01-01 10:17:11 UTC,538,Registered Voters - Republican,Live Phone,33,20,24,14,,,,5,4,http://elections.huffingtonpost.com/pollster/polls/pew-13211,http://www.people-press.org/files/legacy-pdf/03-14-12%20Political%20Release.pdf
ABC/Post,2012-03-07,2012-03-10,2012-03-12 2000-01-01 12:12:26 UTC,,Registered Voters - Republican,Live Phone,33,14,29,12,,,,4,8,http://elections.huffingtonpost.com/pollster/polls/abc-post-13184,http://www.washingtonpost.com/wp-srv/politics/polls/postabcpoll_031012.html
Gallup,2012-03-05,2012-03-09,2012-03-12 2000-01-01 12:21:43 UTC,1000,Registered Voters - Republican,Live Phone,36,13,23,11,,,,,2,http://elections.huffingtonpost.com/pollster/polls/gallup-13187,http://www.gallup.com/poll/election.aspx
YouGov/Economist,2012-03-03,2012-03-06,2012-03-07 2000-01-01 18:00:24 UTC,,Likely Voters - Republican,Internet,31,19,22,11,,,,6,11,http://elections.huffingtonpost.com/pollster/polls/yougov-economist-13169,http://big.assets.huffingtonpost.com/20120306econToplines.pdf
NBC/WSJ,2012-02-29,2012-03-03,2012-03-05 2000-01-01 10:36:47 UTC,400,Likely Voters - Republican,Live Phone,38,13,32,13,,,,2,2,http://elections.huffingtonpost.com/pollster/polls/nbc-wsj-13135,http://firstread.msnbc.msn.com/_news/2012/03/04/10578249-nbcwsj-poll-primary-season-takes-corrosive-toll-on-gop-and-its-candidates
Rasmussen,2012-02-29,2012-02-29,2012-03-01 2000-01-01 10:47:05 UTC,1000,Likely Voters - Republican,Automated Phone,40,16,24,12,,,,6,2,http://elections.huffingtonpost.com/pollster/polls/rasmussen-13091,http://www.rasmussenreports.com/public_content/politics/elections/election_2012/election_2012_presidential_election/february_2012/national_gop_romney_40_santorum_24_gingrich_16_paul_12
YouGov/Economist,2012-02-25,2012-02-28,2012-03-01 2000-01-01 15:20:50 UTC,,Likely Voters - Republican,Internet,29,19,28,12,,,,4,7,http://elections.huffingtonpost.com/pollster/polls/yougov-economist-13092,http://big.assets.huffingtonpost.com/20120228econToplines.pdf
Gallup,2012-02-24,2012-02-28,2012-02-29 2000-01-01 14:13:52 UTC,1000,Registered Voters - Republican,Live Phone,33,16,25,11,,,,,2,http://elections.huffingtonpost.com/pollster/polls/gallup-13084,http://www.gallup.com/poll/election.aspx
Gallup,2012-02-19,2012-02-23,2012-02-24 2000-01-01 13:37:07 UTC,1000,Registered Voters - Republican,Live Phone,27,16,33,11,,,,,3,http://elections.huffingtonpost.com/pollster/polls/gallup-13024,http://www.gallup.com/poll/election.aspx
Politico/GWU/Battleground,2012-02-19,2012-02-22,2012-02-27 2000-01-01 13:58:31 UTC,1000,Likely Voters,Live Phone,34,13,36,7,,,,10,0,http://elections.huffingtonpost.com/pollster/polls/politico-gwu-battleground-13054,http://images.politico.com/global/2012/02/bg_46_questionnaire.html
YouGov/Economist,2012-02-18,2012-02-21,2012-02-23 2000-01-01 09:29:43 UTC,,Likely Voters - Republican,Internet,25,16,34,10,,,,8,7,http://elections.huffingtonpost.com/pollster/polls/yougov-economist-13011,http://cdn.yougov.com/downloads/releases/econ/20120218_econToplines.pdf
AP-GfK,2012-02-16,2012-02-20,2012-02-22 2000-01-01 08:54:13 UTC,450,Adults - Republican,Live Phone,32,15,33,15,,,,7,9,http://elections.huffingtonpost.com/pollster/polls/ap-gfk-12993,http://surveys.ap.org/data/GfK/AP-GfK%20Poll%20February%202012%20Topline_2012%20GOP.pdf
Quinnipiac,2012-02-14,2012-02-20,2012-02-22 2000-01-01 08:40:53 UTC,1124,Registered Voters - Republican,Live Phone,26,14,35,11,,,,14,0,http://elections.huffingtonpost.com/pollster/polls/quinnipiac-12992,http://www.quinnipiac.edu/institutes-and-centers/polling-institute/national/release-detail?ReleaseID=1708
Gallup,2012-02-14,2012-02-18,2012-02-20 2000-01-01 20:06:43 UTC,1000,Registered Voters - Republican,Live Phone,28,13,36,11,,,,,2,http://elections.huffingtonpost.com/pollster/polls/gallup-12978,http://www.gallup.com/poll/election.aspx
Rasmussen,2012-02-14,2012-02-14,2012-02-15 2000-01-01 12:52:51 UTC,1000,Likely Voters,Automated Phone,27,15,39,10,,,,6,3,http://elections.huffingtonpost.com/pollster/polls/rasmussen-12920,http://www.rasmussenreports.com/public_content/politics/elections/election_2012/election_2012_presidential_election/election_2012_republican_presidential_primary
YouGov/Economist,2012-02-11,2012-02-14,2012-02-16 2000-01-01 12:37:00 UTC,,Likely Voters - Republican,Internet,27,16,29,14,,,,6,8,http://elections.huffingtonpost.com/pollster/polls/yougov-economist-12939,http://big.assets.huffingtonpost.com/20120214econToplines.pdf
CNN,2012-02-10,2012-02-13,2012-02-14 2000-01-01 16:22:24 UTC,478,Adults - Republican,Live Phone,32,15,34,16,,,,4,0,http://elections.huffingtonpost.com/pollster/polls/cnn-12911,http://i2.cdn.turner.com/cnn/2012/images/02/14/rel2a.pdf
Gallup,2012-02-09,2012-02-13,2012-02-14 2000-01-01 13:26:46 UTC,1000,Registered Voters - Republican,Live Phone,32,16,30,8,,,,,2,http://elections.huffingtonpost.com/pollster/polls/gallup-12907,http://www.gallup.com/poll/election.aspx
CBS/Times,2012-02-08,2012-02-13,2012-02-14 2000-01-01 10:25:01 UTC,331,Likely Voters - Republican,Live Phone,27,10,30,12,,,,,0,http://elections.huffingtonpost.com/pollster/polls/cbs-times-12900,http://www.cbsnews.com/8301-250_162-57377936/cbs-news-polls-2-14-12/
Pew,2012-02-08,2012-02-12,2012-02-13 2000-01-01 14:40:33 UTC,552,Registered Voters - Republican,Live Phone,28,17,30,12,,,,8,5,http://elections.huffingtonpost.com/pollster/polls/pew-12891,http://www.people-press.org/files/legacy-pdf/02-13-12%20Final%20Political%20Release.pdf
Fairleigh Dickinson,2012-02-06,2012-02-12,2012-02-14 2000-01-01 11:04:48 UTC,578,Registered Voters - Republican,Live Phone,33,15,33,7,,,,13,0,http://elections.huffingtonpost.com/pollster/polls/fairleigh-dickinson-12901,http://publicmind.fdu.edu/2012/beatboth/
PPP (D),2012-02-09,2012-02-10,2012-02-13 2000-01-01 11:38:09 UTC,656,Likely Voters - Republican,Automated Phone,23,17,38,13,,,,8,0,http://elections.huffingtonpost.com/pollster/polls/ppp-d-12846,http://www.publicpolicypolling.com/pdf/2011/PPP_Release_US_0211.pdf
FOX,2012-02-06,2012-02-09,2012-02-10 2000-01-01 11:35:55 UTC,407,Likely Voters - Republican,Live Phone,33,22,23,15,,,,7,1,http://elections.huffingtonpost.com/pollster/polls/fox-12822,http://www.foxnews.com/politics/2012/02/10/fox-news-poll-methodology-santorum-surge/
Gallup,2012-02-02,2012-02-08,2012-02-09 2000-01-01 13:26:41 UTC,1000,Registered Voters - Republican,Live Phone,36,20,20,10,,,,,3,http://elections.huffingtonpost.com/pollster/polls/gallup-12817,http://www.gallup.com/poll/election.aspx
YouGov/Economist,2012-02-04,2012-02-07,2012-02-08 2000-01-01 17:43:37 UTC,,Likely Voters - Republican,Internet,32,23,16,16,,,,6,7,http://elections.huffingtonpost.com/pollster/polls/yougov-economist-12813,http://big.assets.huffingtonpost.com/20120207econToplines.pdf
Rasmussen,2012-02-06,2012-02-06,2012-02-07 2000-01-01 14:56:39 UTC,1000,Likely Voters - Republican,Automated Phone,34,27,18,11,,,,7,3,http://elections.huffingtonpost.com/pollster/polls/rasmussen-12742,http://www.rasmussenreports.com/public_content/politics/elections/election_2012/election_2012_presidential_election/election_2012_republican_presidential_primary
Ipsos/Reuters,2012-02-02,2012-02-06,2012-02-07 2000-01-01 16:13:22 UTC,400,Adults - Republican,Live Phone,29,19,18,21,,,,10,4,http://elections.huffingtonpost.com/pollster/polls/ipsos-reuters-12743,http://www.ipsos-na.com/download/pr.aspx?id=11363
ABC/Post,2012-02-01,2012-02-04,2012-02-06 2000-01-01 08:52:33 UTC,,Registered Voters - Republican,Live Phone,38,24,18,14,,,,5,1,http://elections.huffingtonpost.com/pollster/polls/abc-post-12721,http://www.washingtonpost.com/wp-srv/politics/polls/postabcpoll_020412.html
Gallup,2012-01-28,2012-02-01,2012-02-02 2000-01-01 13:09:58 UTC,1000,Registered Voters - Republican,Live Phone,31,25,17,12,,,,,2,http://elections.huffingtonpost.com/pollster/polls/gallup-12706,http://www.gallup.com/poll/election.aspx
YouGov/Economist,2012-01-28,2012-01-31,2012-02-02 2000-01-01 11:29:49 UTC,,Likely Voters - Republican,Internet,29,23,20,14,,,,8,5,http://elections.huffingtonpost.com/pollster/polls/yougov-economist-12704,http://big.assets.huffingtonpost.com/20120131econToplines.pdf
Gallup,2012-01-23,2012-01-27,2012-01-30 2000-01-01 08:48:05 UTC,1000,Registered Voters - Republican,Live Phone,26,32,13,13,,,,,0,http://elections.huffingtonpost.com/pollster/polls/gallup-12666,http://www.gallup.com/poll/election.aspx
NBC/WSJ,2012-01-22,2012-01-24,2012-01-27 2000-01-01 09:21:39 UTC,248,Likely Voters - Republican,Live Phone,28,37,18,12,,,,3,2,http://elections.huffingtonpost.com/pollster/polls/nbc-wsj-12644,http://msnbcmedia.msn.com/i/MSNBC/Sections/A_Politics/_Today_Stories_Teases/120126NBCWSJfinal.pdf
YouGov/Economist,2012-01-21,2012-01-24,2012-01-25 2000-01-01 17:32:14 UTC,,Likely Voters - Republican,Internet,31,29,11,13,,,,9,7,http://elections.huffingtonpost.com/pollster/polls/yougov-economist-12631,http://cdn.yougov.com/downloads/releases/econ/20120121_econToplines.pdf
Rasmussen,2012-01-23,2012-01-23,2012-01-24 2000-01-01 15:30:20 UTC,1000,Likely Voters - Republican,Automated Phone,28,35,16,10,,,,9,2,http://elections.huffingtonpost.com/pollster/polls/rasmussen-12621,http://www.rasmussenreports.com/public_content/politics/elections/election_2012/election_2012_presidential_election/election_2012_republican_presidential_primary
Gallup,2012-01-18,2012-01-22,2012-01-23 2000-01-01 13:29:25 UTC,1000,Registered Voters - Republican,Live Phone,29,28,11,13,,,,,5,http://elections.huffingtonpost.com/pollster/polls/gallup-12614,http://www.gallup.com/poll/election.aspx
Rasmussen,2012-01-17,2012-01-17,2012-01-18 2000-01-01 11:25:16 UTC,1000,Likely Voters - Republican,Automated Phone,30,27,15,13,,,4,7,4,http://elections.huffingtonpost.com/pollster/polls/rasmussen-12497,http://www.rasmussenreports.com/public_content/politics/elections/election_2012/election_2012_presidential_election/election_2012_republican_presidential_primary
Gallup,2012-01-13,2012-01-17,2012-01-18 2000-01-01 13:17:23 UTC,1192,Registered Voters - Republican,Live Phone,33,16,14,12,,,7,14,3,http://elections.huffingtonpost.com/pollster/polls/gallup-12501,http://www.gallup.com/poll/election.aspx
CBS/Times,2012-01-12,2012-01-17,2012-01-18 2000-01-01 11:02:17 UTC,340,Likely Voters - Republican,Live Phone,28,21,16,15,,2,7,7,0,http://elections.huffingtonpost.com/pollster/polls/cbs-times-12495,http://www.cbsnews.com/8301-503544_162-57360828-503544/poll-mitt-romney-atop-fluid-gop-race-with-28/
Pew,2012-01-11,2012-01-16,2012-01-18 2000-01-01 14:31:00 UTC,527,Registered Voters - Republican,Live Phone,31,16,14,15,,2,5,12,6,http://elections.huffingtonpost.com/pollster/polls/pew-12503,http://www.people-press.org/2012/01/18/unpopular-nationally-romney-holds-solid-gop-lead/
ABC/Post,2012-01-12,2012-01-15,2012-01-17 2000-01-01 13:11:12 UTC,,Adults - Republican,Live Phone,35,17,13,16,,,9,6,13,http://elections.huffingtonpost.com/pollster/polls/abc-post-12487,http://www.washingtonpost.com/wp-srv/politics/polls/postabcpoll_011512.html
FOX,2012-01-12,2012-01-14,2012-01-17 2000-01-01 10:32:05 UTC,365,Likely Voters - Republican,Live Phone,40,14,15,13,,5,6,6,1,http://elections.huffingtonpost.com/pollster/polls/fox-12472,http://www.foxnews.com/interactive/politics/2012/01/15/fox-news-poll-raw-data-romney-hits-record-high-but-still-tied-with-obama/
CNN,2012-01-11,2012-01-12,2012-01-17 2000-01-01 10:15:09 UTC,449,Adults - Republican,Live Phone,34,18,15,15,,4,9,6,0,http://elections.huffingtonpost.com/pollster/polls/cnn-12471,http://i2.cdn.turner.com/cnn/2012/images/01/13/rel1aa.pdf
Gallup,2012-01-08,2012-01-12,2012-01-13 2000-01-01 13:17:50 UTC,1000,Adults - Republican,Live Phone,34,15,14,12,,2,5,,2,http://elections.huffingtonpost.com/pollster/polls/gallup-12465,http://www.gallup.com/poll/election.aspx
YouGov/Economist,2012-01-07,2012-01-10,2012-01-12 2000-01-01 17:27:25 UTC,,Likely Voters - Republican,Internet,24,17,19,15,,6,6,7,6,http://elections.huffingtonpost.com/pollster/polls/yougov-economist-12456,http://cdn.yougov.com/downloads/releases/econ/20120107_econToplines.pdf
Ipsos/Reuters,2012-01-05,2012-01-09,2012-01-10 2000-01-01 14:52:14 UTC,400,Adults - Republican,Live Phone,30,20,13,16,,3,7,7,3,http://elections.huffingtonpost.com/pollster/polls/ipsos-reuters-12444,http://www.ipsos-na.com/download/pr.aspx?id=11291
CBS,2012-01-04,2012-01-08,2012-01-09 2000-01-01 09:34:48 UTC,440,Likely Voters - Republican,Live Phone,19,15,14,10,,4,6,13,19,http://elections.huffingtonpost.com/pollster/polls/cbs-12422,http://www.cbsnews.com/8301-250_162-57355596/cbs-news-polls-1-9-12/
Pew,2012-01-04,2012-01-08,2012-01-09 2000-01-01 15:26:18 UTC,549,Registered Voters - Republican,Live Phone,27,16,16,12,,2,6,15,5,http://elections.huffingtonpost.com/pollster/polls/pew-12433,http://www.people-press.org/files/legacy-pdf/1-9-12%20Political%20Release.pdf
Gallup,2012-01-03,2012-01-07,2012-01-09 2000-01-01 09:39:49 UTC,1000,Adults - Republican,Live Phone,31,16,18,13,,1,6,13,3,http://elections.huffingtonpost.com/pollster/polls/gallup-12424,http://www.gallup.com/poll/election.aspx
Rasmussen,2012-01-04,2012-01-04,2012-01-05 2000-01-01 12:22:55 UTC,1000,Likely Voters - Republican,Automated Phone,29,16,21,12,,4,4,11,3,http://elections.huffingtonpost.com/pollster/polls/rasmussen-12398,http://www.rasmussenreports.com/public_content/politics/elections/election_2012/election_2012_presidential_election/election_2012_republican_presidential_primary
YouGov/Economist,2011-12-31,2012-01-03,2012-01-05 2000-01-01 17:58:28 UTC,,Likely Voters - Republican,Internet,30,17,8,13,,5,8,9,10,http://elections.huffingtonpost.com/pollster/polls/yougov-economist-12402,http://big.assets.huffingtonpost.com/20120103econToplines.pdf
Gallup,2011-12-26,2012-01-02,2012-01-03 2000-01-01 13:31:11 UTC,1000,Adults - Republican,Live Phone,24,23,6,13,,2,7,,5,http://elections.huffingtonpost.com/pollster/polls/gallup-12387,http://www.gallup.com/poll/election.aspx
Gallup,2011-12-19,2011-12-23,2011-12-27 2000-01-01 08:50:00 UTC,1000,Adults - Republican,Live Phone,23,26,3,12,,1,8,,6,http://elections.huffingtonpost.com/pollster/polls/gallup-12352,http://www.gallup.com/poll/election.aspx
YouGov/Economist,2011-12-17,2011-12-20,2011-12-21 2000-01-01 17:42:37 UTC,,Likely Voters - Republican,Internet,21,27,4,13,,6,5,8,16,http://elections.huffingtonpost.com/pollster/polls/yougov-economist-12334,http://big.assets.huffingtonpost.com/20111220econToplines.pdf
Gallup,2011-12-16,2011-12-18,2011-12-19 2000-01-01 13:43:27 UTC,1500,Adults,Live Phone,24,26,4,11,,2,7,,9,http://elections.huffingtonpost.com/pollster/polls/gallup-12310,http://www.gallup.com/poll/113980/Gallup-Daily-Obama-Job-Approval.aspx
CNN,2011-12-16,2011-12-18,2011-12-19 2000-01-01 12:19:40 UTC,402,Adults - Republican,Live Phone,28,28,4,14,,2,7,9,8,http://elections.huffingtonpost.com/pollster/polls/cnn-12308,http://i2.cdn.turner.com/cnn/2011/images/12/19/rel20a.pdf
PPP (D),2011-12-16,2011-12-18,2011-12-20 2000-01-01 10:54:40 UTC,576,Likely Voters - Republican,Automated Phone,22,35,4,11,,3,6,10,7,http://elections.huffingtonpost.com/pollster/polls/ppp-d-12315,http://www.publicpolicypolling.com/pdf/2011/PPP_Release_National_1219.pdf
ABC/Post,2011-12-15,2011-12-18,2011-12-19 2000-01-01 17:53:01 UTC,,Adults - Republican,Live Phone,30,30,3,15,,3,7,4,8,http://elections.huffingtonpost.com/pollster/polls/abc-post-12313,http://www.washingtonpost.com/wp-srv/politics/polls/postabcpoll_121811.html
CBS,2011-12-14,2011-12-18,2011-12-20 2000-01-01 11:05:52 UTC,291,Likely Voters - Republican,Live Phone,20,20,3,10,,1,6,17,23,http://elections.huffingtonpost.com/pollster/polls/cbs-12316,http://www.cbsnews.com/htdocs/pdf/poll_GOP_122011.pdf
YouGov/Economist,2011-12-10,2011-12-13,2011-12-14 2000-01-01 16:01:57 UTC,,Likely Voters - Republican,Internet,18,29,6,14,,2,6,10,15,http://elections.huffingtonpost.com/pollster/polls/yougov-economist-12285,http://big.assets.huffingtonpost.com/20111213econToplines.pdf
Gallup,2011-12-09,2011-12-13,2011-12-14 2000-01-01 14:29:30 UTC,1000,Adults - Republican,Live Phone,23,31,4,9,,2,6,,8,http://elections.huffingtonpost.com/pollster/polls/gallup-12282,http://www.gallup.com/poll/election.aspx
Reason/Rupe,2011-12-01,2011-12-13,2011-12-21 2000-01-01 16:45:58 UTC,,Adults - Republican,Live Phone,25,27,4,7,,2,5,22,7,http://elections.huffingtonpost.com/pollster/polls/reason-rupe-12333,http://reason.com/assets/db/13244078001222.pdf
AP-GfK,2011-12-08,2011-12-12,2011-12-14 2000-01-01 13:46:19 UTC,460,Adults - Republican,Live Phone,27,33,3,9,,2,6,6,15,http://elections.huffingtonpost.com/pollster/polls/ap-gfk-12277,http://surveys.ap.org/data/GfK/AP-GfK%20Poll%20December%202011%20Topline%20-%20GOP2012.pdf
Ipsos/Reuters,2011-12-08,2011-12-12,2011-12-14 2000-01-01 13:01:47 UTC,500,Adults - Republican,Live Phone,18,28,4,12,,5,12,8,14,http://elections.huffingtonpost.com/pollster/polls/ipsos-reuters-12275,http://www.ipsos-na.com/download/pr.aspx?id=11210
Pew,2011-12-07,2011-12-11,2011-12-13 2000-01-01 14:05:45 UTC,504,Registered Voters - Republican,Live Phone,21,33,3,8,,3,4,11,16,http://elections.huffingtonpost.com/pollster/polls/pew-12271,http://www.people-press.org/files/legacy-pdf/12-13-11%20Political%20Release.pdf
Gallup,2011-12-04,2011-12-08,2011-12-09 2000-01-01 13:57:08 UTC,1000,Adults - Republican,Live Phone,23,37,2,9,,1,6,,8,http://elections.huffingtonpost.com/pollster/polls/gallup-12248,http://www.gallup.com/poll/election.aspx
FOX,2011-12-05,2011-12-07,2011-12-09 2000-01-01 11:37:27 UTC,356,Likely Voters - Republican,Live Phone,23,36,4,12,,2,8,8,7,http://elections.huffingtonpost.com/pollster/polls/fox-12246,http://www.foxnews.com/interactive/politics/2011/12/08/fox-news-poll-gop-presidential-race/
YouGov/Economist,2011-12-03,2011-12-06,2011-12-07 2000-01-01 16:52:05 UTC,,Likely Voters - Republican,Internet,15,31,7,11,,6,9,9,11,http://elections.huffingtonpost.com/pollster/polls/yougov-economist-12240,http://big.assets.huffingtonpost.com/20111206econToplines.pdf
Fairleigh Dickinson,2011-11-29,2011-12-05,2011-12-07 2000-01-01 13:40:37 UTC,407,Registered Voters - Republican,Live Phone,25,37,4,3,8,1,6,12,4,http://elections.huffingtonpost.com/pollster/polls/fairleigh-dickinson-12230,http://publicmind.fdu.edu/2011/newfave/
Poll Position,2011-12-04,2011-12-04,2011-12-05 2000-01-01 12:10:07 UTC,502,Likely Voters - Republican,Automated Phone,23,37,2,7,,,3,15,12,http://elections.huffingtonpost.com/pollster/polls/poll-position-12205,http://pollposition.com/2011/12/05/post-cain-gingrich-edge-14/
Rasmussen,2011-11-30,2011-11-30,2011-12-01 2000-01-01 13:19:00 UTC,1000,Likely Voters,Automated Phone,17,38,4,8,,3,4,10,15,http://elections.huffingtonpost.com/pollster/polls/rasmussen-12191,http://www.rasmussenreports.com/public_content/politics/elections/election_2012/election_2012_presidential_election/election_2012_republican_presidential_primary
YouGov/Economist,2011-11-26,2011-11-29,2011-11-30 2000-01-01 17:45:08 UTC,,Likely Voters - Republican,Internet,17,25,3,9,15,5,5,10,10,http://elections.huffingtonpost.com/pollster/polls/yougov-economist-12186,http://big.assets.huffingtonpost.com/20111129econToplines.pdf
Poll Position,2011-11-27,2011-11-27,2011-11-28 2000-01-01 12:09:02 UTC,499,Likely Voters - Republican,Automated Phone,23,32,,6,14,,5,11,11,http://elections.huffingtonpost.com/pollster/polls/poll-position-12175,""
YouGov/Economist,2011-11-19,2011-11-22,2011-11-28 2000-01-01 12:59:56 UTC,,Likely Voters - Republican,Internet,20,31,3,8,15,4,5,8,6,http://elections.huffingtonpost.com/pollster/polls/yougov-economist-12176,http://big.assets.huffingtonpost.com/20111122econToplines.pdf
CNN,2011-11-18,2011-11-20,2011-11-21 2000-01-01 16:28:40 UTC,402,Adults - Republican,Live Phone,20,24,4,9,,3,11,5,22,http://elections.huffingtonpost.com/pollster/polls/cnn-12157,http://i2.cdn.turner.com/cnn/2011/images/11/21/rel19b.pdf
Quinnipiac,2011-11-14,2011-11-20,2011-11-22 2000-01-01 08:52:35 UTC,1039,Registered Voters - Republican,Live Phone,22,26,2,6,14,2,6,19,4,http://elections.huffingtonpost.com/pollster/polls/quinnipiac-12158,http://www.quinnipiac.edu/x1295.xml?ReleaseID=1676
Zogby (Internet),2011-11-15,2011-11-17,2011-11-18 2000-01-01 11:16:55 UTC,1366,Likely Voters - Republican,Internet,14,32,3,8,26,3,6,7,3,http://elections.huffingtonpost.com/pollster/polls/zogby-internet-12145,http://www.ibopezogby.com/news/2011/11/17/ibope-zogby-poll-gingrich-takes-lead-gop-field-romney-drops-third/
USA Today/Gallup,2011-11-13,2011-11-17,2011-11-21 2000-01-01 10:41:51 UTC,946,Registered Voters - Republican,Live Phone,21,22,1,9,16,1,8,18,5,http://elections.huffingtonpost.com/pollster/polls/usa-today-gallup-12148,http://www.gallup.com/poll/150845/Romney-Gingrich-Top-Choices-GOP-Nomination.aspx
FOX,2011-11-13,2011-11-15,2011-11-17 2000-01-01 11:17:37 UTC,370,Likely Voters - Republican,Live Phone,22,23,2,8,,3,7,12,23,http://elections.huffingtonpost.com/pollster/polls/fox-12136,http://www.foxnews.com/interactive/politics/2011/11/16/fox-news-poll-gingrich-and-romney-top-gop-nominee-picks/.foxnews.c
YouGov/Economist,2011-11-12,2011-11-15,2011-11-16 2000-01-01 17:16:47 UTC,,Likely Voters - Republican,Internet,19,23,2,7,21,5,6,6,10,http://elections.huffingtonpost.com/pollster/polls/yougov-economist-12134,http://big.assets.huffingtonpost.com/20111115econToplines.pdf
Pew,2011-11-09,2011-11-14,2011-11-17 2000-01-01 15:04:25 UTC,738,Adults - Republican,Live Phone,23,16,2,8,22,1,8,14,5,http://elections.huffingtonpost.com/pollster/polls/pew-12140,http://www.people-press.org/files/legacy-pdf/11-17-11%20Politics%20Release.pdf
CNN,2011-11-11,2011-11-13,2011-11-14 2000-01-01 12:20:26 UTC,480,Adults - Republican,Live Phone,24,22,3,8,,3,12,8,21,http://elections.huffingtonpost.com/pollster/polls/cnn-12115,http://i2.cdn.turner.com/cnn/2011/images/11/14/rel18b.pdf
PPP (D),2011-11-10,2011-11-13,2011-11-14 2000-01-01 12:43:45 UTC,576,Likely Voters - Republican,Automated Phone,18,28,1,5,25,3,6,9,6,http://elections.huffingtonpost.com/pollster/polls/ppp-d-12116,http://www.publicpolicypolling.com/pdf/2011/PPP_Release_National_1114925.pdf
Marist/McClatchy,2011-11-08,2011-11-10,2011-11-11 2000-01-01 12:06:08 UTC,,Registered Voters - Republican,Live Phone,23,19,1,10,17,1,8,17,5,http://elections.huffingtonpost.com/pollster/polls/marist-mcclatchy-12102,"http://maristpoll.marist.edu/wp-content/misc/usapolls/US111108/2012/Complete%20November%2011,%202011%20USA%20McClatchy-Marist%20Poll%20Release%20and%20Tables.pdf"
CBS,2011-11-06,2011-11-10,2011-11-11 2000-01-01 11:37:23 UTC,382,Likely Voters - Republican,Live Phone,15,15,2,5,18,1,8,17,19,http://elections.huffingtonpost.com/pollster/polls/cbs-12100,http://www.cbsnews.com/8301-250_162-57323535/cbs-news-polls-11-11-11/
Politico/GWU/Battleground,2011-11-06,2011-11-09,2011-11-14 2000-01-01 11:16:54 UTC,,Likely Voters - Republican,Live Phone,25,14,2,5,27,,14,9,3,http://elections.huffingtonpost.com/pollster/polls/politico-gwu-battleground-12111,http://www.politico.com/static/PPM187_bg45.html
YouGov/Economist,2011-11-05,2011-11-08,2011-11-11 2000-01-01 11:51:23 UTC,,Likely Voters - Republican,Internet,24,16,2,7,21,5,7,6,13,http://elections.huffingtonpost.com/pollster/polls/yougov-economist-12101,http://big.assets.huffingtonpost.com/20111108econToplines.pdf
USA Today/Gallup,2011-11-02,2011-11-06,2011-11-07 2000-01-01 16:02:21 UTC,1054,Adults - Republican,Live Phone,21,12,2,8,21,1,11,21,3,http://elections.huffingtonpost.com/pollster/polls/usa-today-gallup-12084,http://www.gallup.com/poll/150617/Cain-Ties-Romney-Atop-GOP-Field.aspx
NBC/WSJ,2011-11-02,2011-11-05,2011-11-08 2000-01-01 10:08:36 UTC,248,Likely Voters - Republican,Live Phone,28,13,2,10,27,,10,4,5,http://elections.huffingtonpost.com/pollster/polls/nbc-wsj-12087,http://msnbcmedia.msn.com/i/MSNBC/Sections/NEWS/A_Politics/November_Poll.pdf
ABC/Post,2011-10-31,2011-11-03,2011-11-04 2000-01-01 11:11:28 UTC,438,Adults - Republican,Live Phone,24,12,1,8,23,1,13,11,7,http://elections.huffingtonpost.com/pollster/polls/abc-post-12073,http://www.washingtonpost.com/wp-srv/politics/polls/postabcpoll_110311.html
Rasmussen,2011-01-02,2011-11-02,2011-11-03 2000-01-01 13:44:34 UTC,1000,Likely Voters - Republican,Automated Phone,23,14,1,7,,2,8,13,32,http://elections.huffingtonpost.com/pollster/polls/rasmussen-12070,http://www.rasmussenreports.com/public_content/politics/elections/election_2012/election_2012_presidential_election/election_2012_republican_presidential_primary
YouGov/Economist,2011-10-29,2011-11-01,2011-11-03 2000-01-01 11:19:20 UTC,,Likely Voters - Republican,Internet,17,15,1,10,26,4,6,11,9,http://elections.huffingtonpost.com/pollster/polls/yougov-economist-12064,http://big.assets.huffingtonpost.com/20111101econToplines.pdf
Quinnipiac,2011-10-25,2011-10-31,2011-11-02 2000-01-01 11:21:59 UTC,869,Registered Voters - Republican,Live Phone,23,10,1,7,30,2,8,16,4,http://elections.huffingtonpost.com/pollster/polls/quinnipiac-12060,http://www.quinnipiac.edu/x1295.xml?ReleaseID=1669
FOX,2011-10-23,2011-10-25,2011-10-27 2000-01-01 10:31:16 UTC,328,Likely Voters - Republican,Live Phone,20,12,3,9,,,10,16,28,http://elections.huffingtonpost.com/pollster/polls/fox-12034,http://www.foxnews.com/interactive/politics/2011/10/26/fox-news-poll-gop-primary-voters-get-on-cain-train/
YouGov/Economist,2011-10-22,2011-10-25,2011-10-28 2000-01-01 12:03:35 UTC,242,Adults - Republican,Internet,24,7,2,9,28,3,9,7,10,http://elections.huffingtonpost.com/pollster/polls/yougov-economist-12045,http://big.assets.huffingtonpost.com/20111025econToplines.pdf
CBS/Times,2011-10-19,2011-10-24,2011-10-25 2000-01-01 09:57:27 UTC,455,Likely Voters - Republican,Live Phone,21,10,1,8,25,1,6,14,2,http://elections.huffingtonpost.com/pollster/polls/cbs-times-12023,http://www.nytimes.com/interactive/2011/10/26/us/politics/20111026_POLL.html
Zogby (Internet),2011-10-18,2011-10-21,2011-10-27 2000-01-01 11:50:54 UTC,1077,Likely Voters,Internet,19,12,2,9,39,4,8,7,2,http://elections.huffingtonpost.com/pollster/polls/zogby-internet-12039,http://www.zogby.com/news/2011/10/25/ibope-zogby-poll-cain-trounces-romney-head-head-matchup/
YouGov/Economist,2011-10-15,2011-10-18,2011-10-20 2000-01-01 11:17:47 UTC,242,Adults - Republican,Internet,21,11,3,10,31,3,8,6,9,http://elections.huffingtonpost.com/pollster/polls/yougov-economist-12005,http://big.assets.huffingtonpost.com/20111018econToplines.pdf
AP-GfK,2011-10-13,2011-10-17,2011-10-19 2000-01-01 15:04:26 UTC,431,Adults - Republican,Live Phone,30,7,2,8,26,2,13,7,6,http://elections.huffingtonpost.com/pollster/polls/ap-gfk-12002,http://surveys.ap.org/data/GfK/AP-GfK%20Poll%20October%202011%20Topline%20FINAL_2012.pdf
CNN,2011-10-14,2011-10-16,2011-10-17 2000-01-01 12:55:57 UTC,416,Adults - Republican,Live Phone,26,8,2,9,,1,13,9,32,http://elections.huffingtonpost.com/pollster/polls/cnn-11986,http://i2.cdn.turner.com/cnn/2011/images/10/17/oct17.poll.pdf
Zogby (Internet),2011-10-11,2011-10-14,2011-10-17 2000-01-01 11:56:34 UTC,1214,Likely Voters - Republican,Internet,21,6,3,8,45,3,7,5,2,http://elections.huffingtonpost.com/pollster/polls/zogby-internet-11983,http://www.zogby.com/news/2011/10/17/ibope-zogby-poll-cain-continues-pull-away-perry-bachmann-fading/
Rasmussen,2011-10-12,2011-10-12,2011-10-17 2000-01-01 17:01:00 UTC,1000,Likely Voters,Automated Phone,29,10,2,5,,2,9,7,36,http://elections.huffingtonpost.com/pollster/polls/rasmussen-11988,http://www.rasmussenreports.com/public_content/politics/elections/election_2012/election_2012_presidential_election/election_2012_republican_presidential_primary
YouGov/Economist,2011-10-08,2011-10-11,2011-10-13 2000-01-01 11:22:03 UTC,,Likely Voters - Republican,Internet,18,9,0,7,33,4,10,9,9,http://elections.huffingtonpost.com/pollster/polls/yougov-economist-11968,http://big.assets.huffingtonpost.com/20111011econToplines.pdf
PPP (D),2011-10-07,2011-10-10,2011-10-12 2000-01-01 13:46:11 UTC,484,Likely Voters - Republican,Automated Phone,22,15,1,5,30,2,14,6,5,http://elections.huffingtonpost.com/pollster/polls/ppp-d-11963,http://www.publicpolicypolling.com/pdf/2011/PPP_Release_US_10121122.pdf
NBC/WSJ,2011-10-06,2011-10-10,2011-10-13 2000-01-01 11:03:00 UTC,336,Likely Voters - Republican,Live Phone,23,8,1,11,27,3,16,5,6,http://elections.huffingtonpost.com/pollster/polls/nbc-wsj-11967,http://msnbcmedia.msn.com/i/MSNBC/Sections/NEWS/A_Politics/October_Poll.pdf
Ipsos/Reuters,2011-10-06,2011-10-10,2011-10-12 2000-01-01 15:37:11 UTC,410,Adults - Republican,Live Phone,23,7,,13,19,2,10,13,14,http://elections.huffingtonpost.com/pollster/polls/ipsos-reuters-11964,http://www.reuters.com/article/2011/10/12/us-usa-campaign-poll-idUSTRE79B6A520111012
Washington Post/Bloomberg,2011-10-06,2011-10-09,2011-10-10 2000-01-01 15:31:26 UTC,391,Adults - Republican,Live Phone,24,3,1,6,16,0,13,29,7,http://elections.huffingtonpost.com/pollster/polls/washington-post-bloomberg-11947,http://www.washingtonpost.com/wp-srv/politics/polls/postbloombergpoll_100911.html
Gallup,2011-10-03,2011-10-07,2011-10-10 2000-01-01 16:47:06 UTC,1064,Registered Voters - Republican,Live Phone,20,7,3,8,18,2,15,20,6,http://elections.huffingtonpost.com/pollster/polls/gallup-11948,http://www.gallup.com/poll/149990/Cain-Surges-Nearly-Ties-Romney-Lead-GOP-Preferences.aspx?utm_source=alert&utm_medium=email&utm_campaign=syndication&utm_content=morelink&utm_term=All%20Gallup%20Headlines
Zogby (Internet),2011-10-03,2011-10-05,2011-10-06 2000-01-01 17:53:50 UTC,796,Likely Voters - Republican,Internet,18,4,1,12,38,4,12,7,4,http://elections.huffingtonpost.com/pollster/polls/zogby-internet-11936,http://www.zogby.com/news/2011/10/06/ibope-zogby-poll-cain-expands-lead-over-gop-field-leads-obama-46-44/
YouGov/Economist,2011-10-01,2011-10-04,2011-10-06 2000-01-01 16:09:33 UTC,,Likely Voters - Republican,Internet,17,7,1,8,21,3,10,8,25,http://elections.huffingtonpost.com/pollster/polls/yougov-economist-11935,http://big.assets.huffingtonpost.com/20111004econToplines.pdf
Pew,2011-09-22,2011-10-04,2011-10-06 2000-01-01 15:44:56 UTC,549,Adults - Republican,Live Phone,22,8,2,12,13,1,17,,24,http://elections.huffingtonpost.com/pollster/polls/pew-11934,http://people-press.org/files/legacy-pdf/10-6-11%20October%20Political%20Release.pdf
Quinnipiac,2011-09-27,2011-10-03,2011-10-04 2000-01-01 14:48:04 UTC,927,Registered Voters - Republican,Live Phone,22,8,3,6,17,1,14,18,12,http://elections.huffingtonpost.com/pollster/polls/quinnipiac-11923,http://www.quinnipiac.edu/x1295.xml?ReleaseID=1656
ABC/Post,2011-09-29,2011-10-02,2011-10-04 2000-01-01 11:37:04 UTC,,Registered Voters - Republican,Live Phone,21,6,1,9,14,1,14,6,27,http://elections.huffingtonpost.com/pollster/polls/abc-post-11922,http://www.washingtonpost.com/wp-srv/politics/polls/postabcpoll_100211.html
CBS,2011-09-28,2011-10-02,2011-10-05 2000-01-01 10:04:40 UTC,324,Likely Voters - Republican,Live Phone,17,8,3,7,17,2,12,18,16,http://elections.huffingtonpost.com/pollster/polls/cbs-11926,http://www.cbsnews.com/stories/2011/10/04/politics/main20115710.shtml
FOX,2011-09-25,2011-09-27,2011-09-29 2000-01-01 12:30:59 UTC,363,Likely Voters - Republican,Live Phone,23,11,3,6,,4,19,12,22,http://elections.huffingtonpost.com/pollster/polls/fox-11900,http://www.foxnews.com/interactive/politics/2011/09/28/fox-news-poll-gop-race-top-tier/
YouGov/Economist,2011-09-24,2011-09-27,2011-09-28 2000-01-01 17:34:22 UTC,,Registered Voters - Republican,Internet,15,6,2,6,11,2,14,6,38,http://elections.huffingtonpost.com/pollster/polls/yougov-economist-11898,http://big.assets.huffingtonpost.com/20110927econToplines.pdf
Gallup,2011-09-16,2011-09-18,2011-09-19 2000-01-01 15:32:45 UTC,,Registered Voters - Republican,Live Phone,24,5,2,13,5,1,31,,5,http://elections.huffingtonpost.com/pollster/polls/gallup-11869,http://www.usatoday.com/news/politics/story/2011-09-19/republican-poll-gop-perry-romney/50467944/1
CBS/Times,2011-09-10,2011-09-15,2011-09-16 2000-01-01 10:26:44 UTC,747,Likely Voters - Republican,Live Phone,16,7,1,5,5,1,23,22,20,http://elections.huffingtonpost.com/pollster/polls/cbs-times-11852,http://www.cbsnews.com/stories/2011/09/16/politics/main20107599.shtml
Marist/McClatchy,2011-09-13,2011-09-14,2011-09-23 2000-01-01 11:41:48 UTC,,Registered Voters - Republican,Live Phone,13,6,2,6,4,2,20,14,33,http://elections.huffingtonpost.com/pollster/polls/marist-mcclatchy-11884,"http://maristpoll.marist.edu/wp-content/misc/usapolls/US110913/2012/Complete%20September%2021,%202011%20USA%20McClatchy-Marist%20Poll%20Release%20and%20Tables.pdf"
YouGov/Economist,2011-09-10,2011-09-13,2011-09-15 2000-01-01 12:22:45 UTC,,Registered Voters - Republican,Internet,17,5,2,8,7,2,24,7,28,http://elections.huffingtonpost.com/pollster/polls/yougov-economist-11846,http://big.assets.huffingtonpost.com/20110913econToplines.pdf
Bloomberg,2011-09-09,2011-09-12,2011-09-15 2000-01-01 11:54:18 UTC,545,Adults - Republican,Live Phone,22,4,2,8,4,1,26,10,23,http://elections.huffingtonpost.com/pollster/polls/bloomberg-11845,http://www.bloomberg.com/news/2011-09-15/rick-perry-supported-by-republicans-in-poll-showing-plurality-reject-views.html
Zogby (Internet),2011-09-09,2011-09-12,2011-09-15 2000-01-01 14:41:55 UTC,1023,Likely Voters - Republican,Internet,14,2,3,11,12,3,37,8,9,http://elections.huffingtonpost.com/pollster/polls/zogby-internet-11849,http://www.zogby.com/news/2011/09/13/ibope-zogby-poll-perry-holds-big-lead-among-gop-voters-only-romney-leads-obama/
CNN,2011-09-09,2011-09-11,2011-09-12 2000-01-01 10:31:53 UTC,446,Adults - Republican,Live Phone,18,5,2,12,,2,30,6,26,http://elections.huffingtonpost.com/pollster/polls/cnn-11823,http://i2.cdn.turner.com/cnn/2011/images/09/11/rel15a.pdf
YouGov/Economist,2011-09-03,2011-09-06,2011-09-09 2000-01-01 08:46:38 UTC,1000,Adults,Internet,13,3,1,8,5,5,29,8,28,http://elections.huffingtonpost.com/pollster/polls/yougov-economist-11815,http://big.assets.huffingtonpost.com/20110906econToplines.pdf
ABC/Post,2011-08-29,2011-09-01,2011-09-06 2000-01-01 09:22:48 UTC,1001,Adults,Live Phone,23,4,2,8,3,1,29,8,22,http://elections.huffingtonpost.com/pollster/polls/abc-post-11797,http://www.washingtonpost.com/wp-srv/politics/polls/postabcpoll_090111.html
Politico/GWU/Battleground,2011-08-28,2011-09-01,2011-09-06 2000-01-01 11:16:17 UTC,,Likely Voters - Republican,Live Phone,17,5,5,10,4,1,36,11,11,http://elections.huffingtonpost.com/pollster/polls/politico-gwu-battleground-11799,http://www.politico.com/static/PPM170_090611_battlegroundpoll_results.html
FOX,2011-08-29,2011-08-31,2011-09-02 2000-01-01 11:08:56 UTC,341,Likely Voters - Republican,Live Phone,18,3,3,7,,1,26,13,30,http://elections.huffingtonpost.com/pollster/polls/fox-11794,http://www.foxnews.com/interactive/politics/2011/09/01/perry-overtakes-romney-as-top-gop-2012-pick-most-say-palin-should-stay-out-race/
NBC/WSJ,2011-08-27,2011-08-31,2011-09-06 2000-01-01 09:38:17 UTC,238,Likely Voters - Republican,Live Phone,23,5,3,9,5,2,38,5,10,http://elections.huffingtonpost.com/pollster/polls/nbc-wsj-11798,http://msnbcmedia.msn.com/i/MSNBC/Sections/NEWS/A_Politics/_Today_Stories_Teases/Correct_NBCWSJ_poll.pdf
YouGov/Economist,2011-08-27,2011-08-30,2011-09-01 2000-01-01 10:40:04 UTC,242,Adults - Republican,Internet,14,6,1,13,7,2,28,6,24,http://elections.huffingtonpost.com/pollster/polls/yougov-economist-11787,http://big.assets.huffingtonpost.com/20110830econToplines.pdf
Zogby (Internet),2011-08-25,2011-08-29,2011-08-30 2000-01-01 17:10:07 UTC,1184,Likely Voters - Republican,Internet,12,3,3,11,8,3,41,8,11,http://elections.huffingtonpost.com/pollster/polls/zogby-internet-11781,http://www.zogby.com/news/2011/08/30/ibope-zogby-poll-perry-races-far-ahead-republican-field-4-announced-gop-candidates-tie-or-lead-obama/
Quinnipiac,2011-08-16,2011-08-27,2011-08-31 2000-01-01 10:46:54 UTC,1185,Likely Voters - Republican,Live Phone,18,3,1,9,5,1,24,16,22,http://elections.huffingtonpost.com/pollster/polls/quinnipiac-11783,http://www.quinnipiac.edu/x1295.xml?ReleaseID=1639
CNN,2011-08-24,2011-08-25,2011-08-29 2000-01-01 14:54:30 UTC,467,Adults - Republican,Live Phone,14,6,1,6,,1,27,8,35,http://elections.huffingtonpost.com/pollster/polls/cnn-11775,http://i2.cdn.turner.com/cnn/2011/images/08/29/130.poll.pdf
YouGov/Economist,2011-08-20,2011-08-23,2011-08-24 2000-01-01 15:51:46 UTC,,Registered Voters - Republican,Internet,15,4,2,11,8,2,23,11,25,http://elections.huffingtonpost.com/pollster/polls/yougov-economist-11755,http://big.assets.huffingtonpost.com/20110823econToplines.pdf
PPP (D),2011-08-18,2011-08-21,2011-08-24 2000-01-01 14:39:33 UTC,663,Likely Voters - Republican,Automated Phone,17,7,3,6,7,2,27,7,23,http://elections.huffingtonpost.com/pollster/polls/ppp-d-11754,http://www.publicpolicypolling.com/pdf/PPP_Release_US_0824513.pdf
Gallup,2011-08-17,2011-08-21,2011-08-24 2000-01-01 14:36:27 UTC,1040,Adults - Republican,Live Phone,17,4,3,13,4,1,29,17,12,http://elections.huffingtonpost.com/pollster/polls/gallup-11753,http://www.gallup.com/poll/149180/Perry-Zooms-Front-Pack-2012-GOP-Nomination.aspx
Rasmussen,2011-08-15,2011-08-15,2011-08-16 2000-01-01 15:20:36 UTC,1000,Likely Voters - Republican,Automated Phone,18,5,1,9,,1,29,,19,http://elections.huffingtonpost.com/pollster/polls/rasmussen-11718,http://www.rasmussenreports.com/public_content/politics/elections/election_2012/election_2012_presidential_election/gop_primary_perry_29_romney_18_bachmann_13
FOX,2011-08-07,2011-08-09,2011-08-11 2000-01-01 10:01:05 UTC,319,Likely Voters - Republican,Live Phone,21,6,2,6,,2,13,14,35,http://elections.huffingtonpost.com/pollster/polls/fox-11696,http://www.foxnews.com/interactive/politics/2011/08/10/fox-news-poll-81011-2012-election/
CNN,2011-08-05,2011-08-07,2011-08-11 2000-01-01 09:26:12 UTC,,Adults - Republican,Live Phone,17,5,2,12,,4,15,6,39,http://elections.huffingtonpost.com/pollster/polls/cnn-11692,http://i2.cdn.turner.com/cnn/2011/images/08/08/poll2.aug8.pdf
USA Today/ Gallup,2011-08-04,2011-08-07,2011-08-09 2000-01-01 11:10:28 UTC,,Adults - Republican,Live Phone,24,7,1,14,4,2,17,,16,http://elections.huffingtonpost.com/pollster/polls/usa-today-gallup-11681,http://www.usatoday.com/news/politics/2011-08-08-poll-gallup-election_n.htm
Marist/McClatchy,2011-08-02,2011-08-04,2011-08-10 2000-01-01 11:09:36 UTC,301,Registered Voters - Republican,Live Phone,21,2,3,3,6,2,18,14,32,http://elections.huffingtonpost.com/pollster/polls/marist-mcclatchy-11687,"http://maristpoll.marist.edu/wp-content/misc/usapolls/US110802/2012/Complete%20August%2010,%202011%20USA%20McClatchy-Marist%20Poll%20Release%20and%20Tables.pdf"
Rasmussen,2011-07-28,2011-07-28,2011-08-02 2000-01-01 11:43:25 UTC,1000,Likely Voters - Republican,Automated Phone,22,6,,10,,2,18,,25,http://elections.huffingtonpost.com/pollster/polls/rasmussen-11657,http://www.rasmussenreports.com/public_content/politics/elections/election_2012/election_2012_presidential_election/romney_perry_bachmann_run_close_among_gop_primary_voters
Zogby (Internet),2011-07-22,2011-07-25,2011-07-26 2000-01-01 16:58:31 UTC,1103,Likely Voters - Republican,Internet,17,1,5,11,18,3,,9,37,http://elections.huffingtonpost.com/pollster/polls/zogby-internet-11636,http://www.zogby.com/news/2011/07/26/ibope-zogby-gop-presidential-poll-bachmann-continues-lead-announced-field-perrys-entry-would-put-him/
Gallup,2011-07-20,2011-07-24,2011-07-27 2000-01-01 10:33:32 UTC,1088,Adults - Republican,Live Phone,17,3,2,8,3,2,15,14,37,http://elections.huffingtonpost.com/pollster/polls/gallup-11638,http://www.gallup.com/poll/148664/Romney-Leads-Field-Announced-GOP-Candidates.aspx
Pew,2011-07-20,2011-07-24,2011-07-29 2000-01-01 10:30:40 UTC,546,Registered Voters - Republican,Live Phone,21,3,1,9,8,2,12,34,12,http://elections.huffingtonpost.com/pollster/polls/pew-11646,http://people-press.org/2011/07/28/obama-loses-ground-in-2012-reelection-bid/1/
CNN,2011-07-18,2011-07-20,2011-07-22 2000-01-01 12:23:28 UTC,455,Adults,Live Phone,16,4,2,8,,1,14,9,48,http://elections.huffingtonpost.com/pollster/polls/cnn-11621,http://i2.cdn.turner.com/cnn/2011/images/07/21/rel11c.pdf
FOX,2011-07-17,2011-07-19,2011-07-22 2000-01-01 11:23:33 UTC,323,Likely Voters - Republican,Live Phone,17,4,2,9,,1,14,15,39,http://elections.huffingtonpost.com/pollster/polls/fox-11620,http://crocodoc.com/BLJwBPd
PPP (D),2011-07-15,2011-07-17,2011-07-19 2000-01-01 10:43:21 UTC,730,Likely Voters - Republican,Automated Phone,20,6,,9,10,2,11,10,33,http://elections.huffingtonpost.com/pollster/polls/ppp-d-11601,http://www.publicpolicypolling.com/pdf/PPP_Release_National_0719.pdf
NBC/WSJ,2011-07-14,2011-07-17,2011-07-19 2000-01-01 17:22:59 UTC,238,Likely Voters - Republican,Live Phone,30,8,3,9,5,2,11,10,22,http://elections.huffingtonpost.com/pollster/polls/nbc-wsj-11606,http://msnbcmedia.msn.com/i/MSNBC/Sections/NEWS/A_Politics/July_Poll.pdf
ABC/Post,2011-07-14,2011-07-17,2011-07-21 2000-01-01 12:11:22 UTC,,Registered Voters - Republican,Live Phone,26,4,2,7,7,3,8,8,33,http://elections.huffingtonpost.com/pollster/polls/abc-post-11614,http://www.langerresearch.com/uploads/1125a32012Election.pdf
Zogby (Internet),2011-07-08,2011-07-11,2011-07-12 2000-01-01 16:55:10 UTC,1015,Likely Voters - Republican,Internet,15,4,3,13,16,4,,10,33,http://elections.huffingtonpost.com/pollster/polls/zogby-internet-11568,http://www.zogby.com/news/2011/07/12/ibope-zogby-poll-christie-ahead-obama-hypothetical-6-others-dead-heat-president/
Quinnipiac,2011-07-05,2011-07-11,2011-07-13 2000-01-01 12:33:11 UTC,913,Registered Voters - Republican,Live Phone,25,5,1,5,6,1,10,18,29,http://elections.huffingtonpost.com/pollster/polls/quinnipiac-11572,http://www.quinnipiac.edu/x1295.xml?ReleaseID=1623
Marist/McClatchy,2011-06-15,2011-06-23,2011-06-29 2000-01-01 12:22:08 UTC,308,Registered Voters - Republican,Live Phone,19,2,1,5,,2,13,,37,http://elections.huffingtonpost.com/pollster/polls/marist-mcclatchy-11522,"http://maristpoll.marist.edu/wp-content/misc/usapolls/US110615/2012/Complete%20June%2029,%202011%20USA%20McClatchy-Marist%20Poll%20Release%20and%20Tables.pdf"
Zogby (Internet),2011-06-17,2011-06-21,2011-06-30 2000-01-01 16:34:30 UTC,998,Likely Voters - Republican,Internet,15,2,5,13,15,2,,13,32,http://elections.huffingtonpost.com/pollster/polls/zogby-internet-11533,http://www.zogby.com/news/2011/06/30/ibope-zogby-presidential-poll-bachmann-leads-among-gop-voters-romney-best-against-obama/
Rasmussen,2011-06-14,2011-06-14,2011-06-16 2000-01-01 17:29:52 UTC,1000,Likely Voters,Automated Phone,33,9,6,7,,2,,,43,http://elections.huffingtonpost.com/pollster/polls/rasmussen-11478,http://www.rasmussenreports.com/public_content/politics/elections/election_2012/election_2012_presidential_election/romney_bachmann_cain_lead_the_pack_among_gop_primary_voters
YouGov/Economist,2011-06-11,2011-06-14,2011-06-17 2000-01-01 12:18:58 UTC,242,Adults - Republican,Internet,14,5,3,5,7,2,8,15,37,http://elections.huffingtonpost.com/pollster/polls/yougov-economist-11480,http://big.assets.huffingtonpost.com/20110614econToplines.pdf
NBC/WSJ,2011-06-09,2011-06-13,2011-06-16 2000-01-01 08:58:28 UTC,238,Likely Voters - Republican,Live Phone,30,6,4,7,12,1,8,8,24,http://elections.huffingtonpost.com/pollster/polls/nbc-wsj-11473,http://msnbcmedia.msn.com/i/MSNBC/Sections/NEWS/A_Politics/_Today_Stories_Teases/11236%20JUNE%20NBC-WSJ%20Final%20Filled-in.pdf
PPP (D),2011-06-09,2011-06-12,2011-06-16 2000-01-01 17:23:31 UTC,544,Likely Voters - Republican,Automated Phone,22,9,,7,17,1,,12,32,http://elections.huffingtonpost.com/pollster/polls/ppp-d-11477,http://www.publicpolicypolling.com/pdf/PPP_Release_National_616.pdf
Gallup,2011-06-08,2011-06-11,2011-06-13 2000-01-01 17:18:49 UTC,972,Adults - Republican,Live Phone,17,9,2,10,8,2,1,22,31,http://elections.huffingtonpost.com/pollster/polls/gallup-11460,http://www.gallup.com/poll/148016/Romney-Support-Widens-Advantage-2012-Preferences.aspx
FOX,2011-06-05,2011-06-07,2011-06-09 2000-01-01 10:22:54 UTC,338,Likely Voters - Republican,Live Phone,23,7,4,5,,2,,12,48,http://elections.huffingtonpost.com/pollster/polls/fox-11443,http://www.foxnews.com/interactive/us/2011/06/08/obama-approval-drops-romney-tops-gop-preference/
FOX,2011-06-05,2011-06-07,2011-06-30 2000-01-01 09:54:19 UTC,324,Likely Voters - Republican,Live Phone,18,3,2,7,,3,13,10,43,http://elections.huffingtonpost.com/pollster/polls/fox-11529,http://www.foxnews.com/interactive/politics/2011/06/29/romney-remains-top-gop-preference-as-rivals-draw-near/
CNN,2011-06-03,2011-06-07,2011-06-13 2000-01-01 17:15:12 UTC,433,Adults - Republican,Live Phone,59,26,2,20,10,3,,14,64,http://elections.huffingtonpost.com/pollster/polls/cnn-11459,http://i2.cdn.turner.com/cnn/2011/images/06/13/rel10g1a.pdf
Fairleigh Dickinson,2011-06-01,2011-06-07,2011-06-13 2000-01-01 17:22:37 UTC,509,Likely Voters - Republican,Live Phone,54,18,4,10,16,,,27,22,http://elections.huffingtonpost.com/pollster/polls/fairleigh-dickinson-11461,http://publicmind.fdu.edu/2011/nomination/
Ipsos/Reuters,2011-06-03,2011-06-06,2011-06-09 2000-01-01 10:47:11 UTC,621,Adults - Republican,Live Phone,18,4,,8,6,2,5,18,38,http://elections.huffingtonpost.com/pollster/polls/ipsos-reuters-11445,http://www.ipsos-na.com/download/pr.aspx?id=10797
Quinnipiac,2011-05-31,2011-06-06,2011-06-08 2000-01-01 17:09:22 UTC,830,Registered Voters - Republican,Live Phone,25,8,4,8,9,1,,20,26,http://elections.huffingtonpost.com/pollster/polls/quinnipiac-11440,http://www.quinnipiac.edu/x1295.xml?ReleaseID=1608
ABC/Post,2011-06-02,2011-06-05,2011-06-07 2000-01-01 10:35:22 UTC,,Registered Voters - Republican,Live Phone,22,7,1,5,5,1,4,11,45,http://elections.huffingtonpost.com/pollster/polls/abc-post-11431,http://www.washingtonpost.com/wp-srv/politics/polls/postabcpoll_060511_ATMIDNIGHT.html
CNN,2011-05-24,2011-05-26,2011-05-27 2000-01-01 17:24:28 UTC,473,Adults - Republican,Live Phone,36,20,5,27,13,4,,4,86,http://elections.huffingtonpost.com/pollster/polls/cnn-11392,http://i2.cdn.turner.com/cnn/2011/images/05/27/rel9a.pdf
PPP (D),2011-05-23,2011-05-25,2011-06-02 2000-01-01 16:49:24 UTC,574,Likely Voters - Republican,Automated Phone,16,9,,9,12,4,,12,38,http://elections.huffingtonpost.com/pollster/polls/ppp-d-11415,http://www.publicpolicypolling.com/pdf/PPP_Release_US_0602.pdf
Gallup,2011-05-20,2011-05-24,2011-05-26 2000-01-01 12:59:22 UTC,972,Adults - Republican,Live Phone,17,9,2,10,8,2,,22,31,http://elections.huffingtonpost.com/pollster/polls/gallup-11383,http://www.gallup.com/poll/147806/Romney-Palin-Lead-Reduced-GOP-Field-2012.aspx
Zogby (Internet),2011-05-20,2011-05-23,2011-05-24 2000-01-01 15:03:31 UTC,1169,Likely Voters - Republican,Internet,11,3,3,9,19,1,,12,43,http://elections.huffingtonpost.com/pollster/polls/zogby-internet-11374,http://www.zogby.com/news/2011/05/23/ibope-zogby-poll-cain-passes-christie-among-gop-primary-voters-no-one-gop-field-leads-obama-/
Suffolk,2011-05-10,2011-05-17,2011-05-18 2000-01-01 17:33:54 UTC,468,Likely Voters - Republican,Live Phone,17,9,2,4,3,,,18,46,http://elections.huffingtonpost.com/pollster/polls/suffolk-11348,http://suffolk.edu/46652.html
PPP (D),2011-05-05,2011-05-08,2011-05-10 2000-01-01 16:06:56 UTC,610,Likely Voters - Republican,Automated Phone,18,13,,8,,,,11,51,http://elections.huffingtonpost.com/pollster/polls/ppp-d-11316,http://www.publicpolicypolling.com/pdf/PPP_Release_US_0510925.pdf
CNN,2011-04-29,2011-05-01,2011-05-05 2000-01-01 17:45:49 UTC,475,Adults - Republican,Live Phone,13,10,2,10,,1,,6,57,http://elections.huffingtonpost.com/pollster/polls/cnn-11299,http://politicalticker.blogs.cnn.com/2011/05/05/cnn-poll-still-no-front-runner-in-the-battle-for-the-gop-nomination/
Quinnipiac,2011-04-26,2011-05-01,2011-05-04 2000-01-01 10:44:26 UTC,613,Registered Voters - Republican,Live Phone,18,5,1,5,,1,,15,56,http://elections.huffingtonpost.com/pollster/polls/quinnipiac-11285,http://www.quinnipiac.edu/x1295.xml?ReleaseID=1595
Marist,2011-04-25,2011-04-29,2011-05-06 2000-01-01 16:34:20 UTC,205,Likely Voters - Republican,Live Phone,20,3,1,7,2,,,10,57,http://elections.huffingtonpost.com/pollster/polls/marist-11302,"http://maristpoll.marist.edu/wp-content/misc/nyspolls/NY110424/2012/Complete%20May%205th,%202011%20NYS%20Poll%20Release%20and%20Tables.pdf"
FOX,2011-04-25,2011-04-27,2011-05-02 2000-01-01 14:41:42 UTC,322,Registered Voters - Republican,Live Phone,19,7,3,7,,1,,,49,http://elections.huffingtonpost.com/pollster/polls/fox-11271,http://www.scribd.com/full/54158725?access_key=key-26pckzzekc16xems5954
Rasmussen,2011-04-26,2011-04-26,2011-04-28 2000-01-01 17:15:26 UTC,1000,Likely Voters - Republican,Automated Phone,17,9,,8,,,,11,56,http://elections.huffingtonpost.com/pollster/polls/rasmussen-11261,http://www.rasmussenreports.com/public_content/politics/elections/election_2012/national_gop_primary_poll_trump_19_romney_17_huckabee_15
Gallup,2011-04-15,2011-04-20,2011-04-25 2000-01-01 16:00:22 UTC,1047,Adults - Republican,Live Phone,13,6,2,6,,1,,14,55,http://elections.huffingtonpost.com/pollster/polls/gallup-11241,http://www.gallup.com/poll/147233/Huckabee-Trump-Romney-Pace-GOP-Field-2012.aspx
ABC/Post,2011-04-14,2011-04-17,2011-04-19 2000-01-01 10:29:52 UTC,432,Adults - Republican,Live Phone,16,2,,2,,,,49,30,http://elections.huffingtonpost.com/pollster/polls/abc-post-11215,http://www.washingtonpost.com/wp-srv/politics/polls/postpoll_04172011.html
Marist/McClatchy,2011-04-10,2011-04-14,2011-04-20 2000-01-01 17:18:48 UTC,468,Adults - Republican,Live Phone,18,4,2,,,1,,11,47,http://elections.huffingtonpost.com/pollster/polls/marist-mcclatchy-11226,"http://maristpoll.marist.edu/wp-content/misc/usapolls/US110410/2012/Complete%20April%2020th,%202011%20USA%20Poll%20Release%20and%20Tables.pdf"
CNN,2011-04-09,2011-04-10,2011-04-12 2000-01-01 16:45:43 UTC,385,Adults - Republican,Live Phone,11,11,2,7,,,,5,63,http://elections.huffingtonpost.com/pollster/polls/cnn-11185,http://i2.cdn.turner.com/cnn/2011/images/04/12/rel6c.pdf
PPP (D),2011-04-07,2011-04-10,2011-04-15 2000-01-01 15:15:13 UTC,400,Likely Voters - Republican,Automated Phone,16,15,,8,,,,13,49,http://elections.huffingtonpost.com/pollster/polls/ppp-d-11203,http://www.publicpolicypolling.com/pdf/PPP_Release_US_0414925.pdf
FOX,2011-04-03,2011-04-05,2011-04-08 2000-01-01 14:41:41 UTC,319,Registered Voters - Republican,Live Phone,14,7,2,3,,1,,,60,http://elections.huffingtonpost.com/pollster/polls/fox-11171,http://www.foxnews.com/projects/pdf/FoxNewsPoll_Obama.pdf
NBC/WSJ,2011-03-31,2011-04-04,2011-04-07 2000-01-01 10:14:01 UTC,238,Likely Voters - Republican,Live Phone,21,11,3,,,,,8,57,http://elections.huffingtonpost.com/pollster/polls/nbc-wsj-11159,http://msnbcmedia.msn.com/i/MSNBC/Sections/NEWS/A_Politics/_Today_Stories_Teases/11139%20April%202011%20Filled-in.pdf
Fairleigh Dickinson,2011-03-21,2011-03-28,2011-03-31 2000-01-01 14:38:26 UTC,800,Registered Voters,Live Phone,20,10,,,,,,23,48,http://elections.huffingtonpost.com/pollster/polls/fairleigh-dickinson-11136,http://publicmind.fdu.edu/2011/1103prez/
Gallup,2011-03-18,2011-03-22,2011-03-25 2000-01-01 14:30:38 UTC,1082,Adults - Republican,Live Phone,15,10,2,6,,2,,8,50,http://elections.huffingtonpost.com/pollster/polls/gallup-11112,http://www.gallup.com/poll/146792/Huckabee-Slight-Edge-Palin-Down-GOP-Preferences.aspx
Zogby (Internet),2011-03-18,2011-03-21,2011-03-25 2000-01-01 16:57:27 UTC,2168,Likely Voters - Republican,Internet,10,5,,3,,,,16,62,http://elections.huffingtonpost.com/pollster/polls/zogby-internet-11113,http://www.zogby.com/news/2011/03/23/ibope-zogby-interactive-christie-top-presidential-choice-gop-primary-voters-viewed-most-likely-beat-/
CNN,2011-03-18,2011-03-20,2011-03-23 2000-01-01 15:34:04 UTC,504,Adults - Republican,Live Phone,18,14,3,8,,,,5,52,http://elections.huffingtonpost.com/pollster/polls/cnn-11101,http://i2.cdn.turner.com/cnn/2011/images/03/23/rel4h.pdf
Pew,2011-03-08,2011-03-14,2011-03-23 2000-01-01 10:57:35 UTC,382,Registered Voters - Republican,Live Phone,21,11,2,8,,,,42,1,http://elections.huffingtonpost.com/pollster/polls/pew-11097,http://people-press.org/reports/pdf/720.pdf
PPP (D),2011-03-10,2011-03-13,2011-03-15 2000-01-01 16:11:03 UTC,400,Likely Voters - Republican,Automated Phone,17,14,,9,,,,15,43,http://elections.huffingtonpost.com/pollster/polls/ppp-d-11064,http://www.publicpolicypolling.com/pdf/PPP_Release_US_0215925.pdf
NBC/WSJ,2011-02-24,2011-02-28,2011-03-03 2000-01-01 10:13:43 UTC,282,Likely Voters - Republican,Live Phone,21,13,2,6,,,,12,45,http://elections.huffingtonpost.com/pollster/polls/nbc-wsj-11019,http://msnbcmedia.msn.com/i/MSNBC/Sections/NEWS/A_Politics/___Politics_Today_Stories_Teases/2-24-28-11.pdf
Gallup,2011-02-18,2011-02-20,2011-02-23 2000-01-01 16:39:59 UTC,1326,Adults - Republican,Live Phone,16,9,2,5,,1,,14,54,http://elections.huffingtonpost.com/pollster/polls/gallup-10991,http://www.gallup.com/poll/146300/Huckabee-Palin-Romney-Tie-Lead-GOP-Preferences.aspx
Newsweek/Daily Beast,2011-02-12,2011-02-15,2011-02-22 2000-01-01 17:53:22 UTC,517,Likely Voters - Republican,Live Phone,19,7,,,,1,,31,43,http://elections.huffingtonpost.com/pollster/polls/newsweek-daily-beast-10985,http://www.thedailybeast.com/blogs-and-stories/2011-02-21/obama-hits-50-percent-approval-rating-according-to-new-newsweekdaily-beast-poll/
PPP (D),2011-02-11,2011-02-13,2011-02-15 2000-01-01 11:11:19 UTC,400,Likely Voters - Republican,Automated Phone,17,12,,8,,,,18,44,http://elections.huffingtonpost.com/pollster/polls/ppp-d-10960,http://www.publicpolicypolling.com/pdf/PPP_Release_US_0215.pdf
CNN,2011-01-21,2011-01-23,2011-02-08 2000-01-01 10:02:26 UTC,,Adults - Republican,Live Phone,18,10,1,7,,,,6,56,http://elections.huffingtonpost.com/pollster/polls/cnn-10928,http://i2.cdn.turner.com/cnn/2011/images/02/07/rel2e.pdf
Rasmussen,2011-01-18,2011-01-18,2011-01-24 2000-01-01 17:06:41 UTC,1000,Likely Voters,Automated Phone,24,11,,4,,,,10,51,http://elections.huffingtonpost.com/pollster/polls/rasmussen-10874,http://www.rasmussenreports.com/public_content/politics/general_politics/january_2011/romney_holds_slight_edge_over_huckabee_and_palin
NBC/WSJ,2011-01-13,2011-01-17,2011-01-20 2000-01-01 09:55:08 UTC,1000,Adults,Live Phone,19,10,3,8,,,,8,51,http://elections.huffingtonpost.com/pollster/polls/nbc-wsj-10853,http://msnbcmedia.msn.com/i/MSNBC/Sections/NEWS/A_Politics/___Politics_Today_Stories_Teases/11023%20Jan%20NBC-WSJ%20Filled%20in%20beta.pdf
PPP (D),2011-01-14,2011-01-16,2011-01-21 2000-01-01 12:47:35 UTC,515,Likely Voters - Republican,Automated Phone,14,11,,7,,,,16,51,http://elections.huffingtonpost.com/pollster/polls/ppp-d-10865,http://www.publicpolicypolling.com/pdf/PPP_Release_National_0121.pdf
ABC/Post,2011-01-13,2011-01-16,2011-01-18 2000-01-01 09:54:35 UTC,1053,Adults,Live Phone,17,9,,,,1,3,12,45,http://elections.huffingtonpost.com/pollster/polls/abc-post-10831,http://www.washingtonpost.com/wp-srv/politics/polls/postpoll_01172011.html
Zogby (Internet),2010-12-30,2011-01-03,2011-01-04 2000-01-01 16:07:27 UTC,746,Likely Voters - Republican,Internet,17,,,,,,,18,66,http://elections.huffingtonpost.com/pollster/polls/zogby-internet-10788,http://www.zogby.com/news/ReadNews.cfm?ID=1937
Clarus,2010-12-10,2010-12-16,2010-12-22 2000-01-01 10:16:03 UTC,365,Registered Voters - Republican,Live Phone,19,10,,4,,,,5,62,http://elections.huffingtonpost.com/pollster/polls/clarus-10758,http://www.clarusrg.com/sites/default/files/2012%20Presidental%20Race_0.pdf
PPP (D),2010-11-19,2010-11-21,2010-12-01 2000-01-01 11:38:07 UTC,400,Likely Voters - Republican,Automated Phone,18,19,,5,,,,12,47,http://elections.huffingtonpost.com/pollster/polls/ppp-d-10672,http://www.publicpolicypolling.com/pdf/PPP_Release_National_1130.pdf
Quinnipiac,2010-11-08,2010-11-15,2010-11-22 2000-01-01 12:44:56 UTC,,Registered Voters - Republican,Live Phone,18,15,,,,,,17,50,http://elections.huffingtonpost.com/pollster/polls/quinnipiac-10653,http://www.quinnipiac.edu/x1295.xml?ReleaseID=1538
Gallup,2010-11-13,2010-11-14,2010-11-16 2000-01-01 16:12:44 UTC,925,Adults - Republican,Live Phone,19,13,1,6,,,,14,49,http://elections.huffingtonpost.com/pollster/polls/gallup-10635,http://www.gallup.com/poll/144668/No-Early-Front-Runner-2012-GOP-Presidential-Nomination.aspx
CNN,2010-10-27,2010-10-30,2010-10-31 2000-01-01 11:11:51 UTC,500,Adults - Republican,Live Phone,20,12,2,7,,,,10,51,http://elections.huffingtonpost.com/pollster/polls/cnn-10424,http://politicalticker.blogs.cnn.com/2010/11/04/cnn-poll-obama-vs-palin-in-2012/
Gallup,2010-09-25,2010-09-26,2010-11-05 2000-01-01 14:54:22 UTC,906,Registered Voters - Republican,Live Phone,19,9,2,7,,,,11,45,http://elections.huffingtonpost.com/pollster/polls/gallup-10548,http://www.gallup.com/poll/143309/Romney-Palin-Front-GOP-Presidential-Field.aspx
Marist/McClatchy,2010-09-14,2010-09-16,2010-11-05 2000-01-01 14:43:53 UTC,369,Registered Voters - Republican,Live Phone,25,16,,,,,,13,46,http://elections.huffingtonpost.com/pollster/polls/marist-mcclatchy-10547,http://media.mcclatchydc.com/static/pdf/Marist-politics-final.pdf
PPP (D),2010-09-10,2010-09-13,2010-09-17 2000-01-01 15:16:02 UTC,419,Registered Voters,Automated Phone,22,18,,6,,,,10,44,http://elections.huffingtonpost.com/pollster/polls/ppp-d-9153,http://www.publicpolicypolling.com/pdf/PPP_Release_National_917.pdf
CNN,2010-08-06,2010-08-10,2010-11-05 2000-01-01 14:30:36 UTC,494,Registered Voters - Republican,Live Phone,21,15,2,10,,,,4,47,http://elections.huffingtonpost.com/pollster/polls/cnn-10546,http://i2.cdn.turner.com/cnn/2010/images/08/13/rel11d.pdf
Clarus,2010-07-26,2010-07-27,2010-11-05 2000-01-01 12:33:25 UTC,415,Registered Voters - Republican,Live Phone,26,14,,,,,,15,42,http://elections.huffingtonpost.com/pollster/polls/clarus-10534,http://www.clarusrg.com/sites/default/files/August%2012.pdf
PPP (D),2010-07-09,2010-07-12,2010-11-04 2000-01-01 17:15:47 UTC,400,Registered Voters - Republican,Automated Phone,19,23,,7,,,,10,42,http://elections.huffingtonpost.com/pollster/polls/ppp-d-10532,http://www.publicpolicypolling.com/pdf/PPP_Release_National_716.pdf
PPP (D),2010-06-04,2010-06-07,2010-11-04 2000-01-01 15:46:32 UTC,401,Likely Voters - Republican,Automated Phone,25,15,,6,,,,6,46,http://elections.huffingtonpost.com/pollster/polls/ppp-d-10531,http://www.publicpolicypolling.com/pdf/PPP_Release_National_614.pdf
PPP (D),2010-05-07,2010-05-09,2010-11-04 2000-01-01 15:40:26 UTC,539,Likely Voters - Republican,Automated Phone,23,21,,8,,,,3,45,http://elections.huffingtonpost.com/pollster/polls/ppp-d-10530,http://www.publicpolicypolling.com/pdf/PPP_Release_National_513.pdf
CNN,2010-04-09,2010-04-11,2010-04-13 2000-01-01 13:27:48 UTC,498,Adults - Republican,Live Phone,20,14,3,8,,,,6,49,http://elections.huffingtonpost.com/pollster/polls/cnn-7587,http://i2.cdn.turner.com/cnn/2010/images/04/13/rel7d.pdf
PPP (D),2010-04-09,2010-04-11,2010-11-04 2000-01-01 15:33:21 UTC,400,Registered Voters - Republican,Automated Phone,33,,,,,,,17,50,http://elections.huffingtonpost.com/pollster/polls/ppp-d-10529,http://www.publicpolicypolling.com/pdf/PPP_Release_National_419.pdf
CNN,2010-03-19,2010-03-21,2010-11-04 2000-01-01 15:17:20 UTC,531,Adults - Republican,Live Phone,22,8,5,8,,,,5,53,http://elections.huffingtonpost.com/pollster/polls/cnn-10528,http://i2.cdn.turner.com/cnn/2010/images/03/25/rel5i.pdf
Clarus,2010-03-17,2010-03-20,2010-11-04 2000-01-01 15:10:05 UTC,415,Registered Voters - Republican,Live Phone,29,13,,,,,,10,49,http://elections.huffingtonpost.com/pollster/polls/clarus-10527,http://www.clarusrg.com/sites/default/files/Clarus_March%2025.pdf
PPP (D),2010-03-12,2010-03-14,2010-11-04 2000-01-01 15:01:26 UTC,614,Registered Voters - Republican,Automated Phone,28,,,11,,,,9,53,http://elections.huffingtonpost.com/pollster/polls/ppp-d-10526,http://www.publicpolicypolling.com/pdf/PPP_Release_National_319.pdf
Gallup,2010-02-01,2010-02-03,2010-11-04 2000-01-01 14:49:30 UTC,490,Adults - Republican,Live Phone,14,3,,2,,,,42,26,http://elections.huffingtonpost.com/pollster/polls/gallup-10525,http://www.gallup.com/poll/125777/Voters-Divided-Obama-Republican-Candidate-2012.aspx
Washington Post,2009-11-19,2009-11-23,2010-11-04 2000-01-01 14:30:33 UTC,804,Adults - Republican,Live Phone,7,2,,1,,,,28,61,http://elections.huffingtonpost.com/pollster/polls/washington-post-10524,http://www.washingtonpost.com/wp-srv/politics/polls/postpoll_113009.html
CNN,2009-10-16,2009-10-18,2009-10-28 2000-01-01 07:59:50 UTC,462,Adults - Republican,Live Phone,21,,,,,,,,72,http://elections.huffingtonpost.com/pollster/polls/cnn-6419,http://www.pollster.com/blogs/us_2012_pres_cnn_101618.php
Rasmussen,2009-10-15,2009-10-15,2010-11-04 2000-01-01 14:00:16 UTC,750,Likely Voters - Republican,Automated Phone,24,14,,,,,,7,57,http://elections.huffingtonpost.com/pollster/polls/rasmussen-10523,http://www.rasmussenreports.com/public_content/politics/elections/election_2012/toplines/toplines_2012_gop_primary_october_15_2009
Clarus,2009-08-14,2009-08-18,2009-08-28 2000-01-01 06:27:19 UTC,353,Registered Voters - Republican,Live Phone,30,15,,,,,,10,46,http://elections.huffingtonpost.com/pollster/polls/clarus-5917,http://www.clarusrg.com/press_releases/2009/Obam-Aug09-Clarus-poll-aug24 ppt.pdf
Marist College,2009-08-03,2009-08-06,2010-10-25 2000-01-01 17:30:10 UTC,310,Registered Voters - Republican,Live Phone,21,10,,,,,,24,45,http://elections.huffingtonpost.com/pollster/polls/marist-college-10208,http://maristpoll.marist.edu/wp-content/misc/usapolls/us090803/Palin/Complete%20August%2018th%202009%20USA%20Poll%20Release%20and%20Tables.pdf
FOX,2009-07-21,2009-07-22,2009-07-23 2000-01-01 18:04:26 UTC,303,Registered Voters - Republican,Live Phone,22,9,,,,,,12,57,http://elections.huffingtonpost.com/pollster/polls/fox-5703,http://www.foxnews.com/projects/pdf/072309_poll.pdf
ABC/Post,2009-07-15,2009-07-18,2009-07-24 2000-01-01 05:31:42 UTC,,Adults - Republican,Live Phone,21,10,,,,,,6,63,http://elections.huffingtonpost.com/pollster/polls/abc-post-5704,http://www.pollster.com/blogs/us_national_survey_abcpost_715_1.php?nr=1
USA Today/Gallup,2009-07-10,2009-07-12,2009-07-16 2000-01-01 06:42:01 UTC,455,Adults - Republican,Live Phone,26,14,,,,,,,45,http://elections.huffingtonpost.com/pollster/polls/usa-today-gallup-5616,http://www.gallup.com/poll/121715/Romney-Edges-Palin-Huckabee-Early-2012-GOP-Test.aspx
Rasmussen,2009-07-06,2009-07-06,2010-10-25 2000-01-01 15:49:37 UTC,750,Likely Voters,Automated Phone,25,14,,,,,,,54,http://elections.huffingtonpost.com/pollster/polls/rasmussen-10204,http://www.rasmussenreports.com/public_content/politics/elections/election_2012/palin_at_the_top_and_bottom_for_gop_voters_in_2012
CNN,2009-05-14,2009-05-17,2010-10-25 2000-01-01 15:32:15 UTC,448,Adults - Republican,Live Phone,21,13,,,,,,4,59,http://elections.huffingtonpost.com/pollster/polls/cnn-10203,http://politicalticker.blogs.cnn.com/2009/06/02/cnn-poll-no-frontrunner-in-gop-2012-presidential-race/?fbid=v_9SHbhG7vl
FOX,2009-05-12,2009-05-13,2009-05-14 2000-01-01 15:49:39 UTC,274,Registered Voters - Republican,Live Phone,18,14,,,,,,11,58,http://elections.huffingtonpost.com/pollster/polls/fox-5241,"http://www.foxnews.com/story/0,2933,520209,00.html"
FOX,2009-05-12,2009-05-13,2009-05-14 2000-01-01 15:49:39 UTC,900,Registered Voters,Live Phone,14,7,,,,,,20,58,http://elections.huffingtonpost.com/pollster/polls/fox-5241,"http://www.foxnews.com/story/0,2933,520209,00.html"
FOX,2009-05-12,2009-05-13,2009-05-14 2000-01-01 15:49:39 UTC,213,Registered Voters - independent,Live Phone,12,5,,,,,,23,60,http://elections.huffingtonpost.com/pollster/polls/fox-5241,"http://www.foxnews.com/story/0,2933,520209,00.html"
CNN,2009-02-18,2009-02-19,2010-10-25 2000-01-01 14:33:43 UTC,429,Adults - Republican,Live Phone,21,,,,,,,,74,http://elections.huffingtonpost.com/pollster/polls/cnn-10198,http://www.cnn.com/2009/POLITICS/02/27/gop.poll/index.html?iref=allsearch
Rasmussen,2008-11-05,2008-11-05,2010-10-21 2000-01-01 16:59:26 UTC,1000,Likely Voters - Republican,Automated Phone,11,,,,,,,6,83,http://elections.huffingtonpost.com/pollster/polls/rasmussen-10102,http://www.rasmussenreports.com/public_content/politics/questions/pt_survey_questions/november_2008/toplines_gop_november_5_2008
